id,name,url
00b16e62-791e-4f1d-938f-a1f7e4a2831a,luh-image-text-classes,https://data.uni-hannover.de/dataset/image-text-classes
019f924c-c642-4654-934a-0475fe2ecd94,gentsch-2023-1,
01b5db09-7eb6-4b19-9cd5-f97d9d64dd18,luh-slideimages,https://data.uni-hannover.de/dataset/slideimages
02b4fcc5-62c4-429d-8c6f-014fb4e505ad,luh-extended-mp-16-dataset,https://data.uni-hannover.de/dataset/extended-mp-16-dataset
03e35390-8ba0-4d30-b8dc-d0e6d65fc7f8,luh-2023-usenix-ucs,https://data.uni-hannover.de/dataset/2023-usenix-ucs
04780ce7-aa69-42d9-81fc-67374b6da796,example-ldm-api-implementation,
079d12d3-f220-4f87-8614-2465a07d047d,rta-dataset,https://www.worldbank.org/en/topic/regional-integration/brief/regional-trade-agreements
0a92cdf7-174e-4192-94b4-fa12449a1216,perez-alvarez-2018-1,
0c9bc400-c1cb-4674-8971-7c55f71a0526,luh-2022-usenix-dev-sampling,https://data.uni-hannover.de/dataset/2022-usenix-dev-sampling
0dca08cd-fc99-43e1-a85f-c1cebfcc8628,dataset-for-service-example,
0ecd94ca-8358-4721-a759-aa9424006459,k4covid19,https://github.com/SDM-TIB/COVID-19-KG
0eef5200-c357-4cd8-8962-2cd75e664f1e,monash-time-series-forecasting-repository,https://forecastingdata.org/
0fbb61fe-314e-442b-a89c-0174fb482e25,covid-19-image-repository,https://github.com/ml-workgroup/covid-19-image-repository
106f7149-6161-4117-893a-44990c05cbe4,luh-a-neural-approach-for-text-extraction-from-scholarly-figures,https://data.uni-hannover.de/dataset/a-neural-approach-for-text-extraction-from-scholarly-figures
1110486d-819b-46b7-ad2b-76eec24d093e,ldm-demo,
1326a733-3cae-4d1c-90d9-cf262deea503,luh-image-text-classes,https://data.uni-hannover.de/dataset/image-text-classes
1364c6ad-9ad9-4313-9523-5be622c0fb93,luh-image-text-classes,https://data.uni-hannover.de/dataset/image-text-classes
13a59c10-7a26-4baa-90fb-f07a72dd1c77,luh-image-text-classes,https://data.uni-hannover.de/dataset/image-text-classes
15a30f69-9b4f-4ee2-8175-52e19d8f82d5,luh-image-text-classes,https://data.uni-hannover.de/dataset/image-text-classes
15cdcf01-75c5-4ab7-bc9f-a5ce60a40df1,perez-alvarez-2018-1,
190201ce-df4e-4684-8979-98ea919f22cb,luh-tamperednews-news400-ijmir21,https://data.uni-hannover.de/dataset/tamperednews-news400-ijmir21
1a9ad255-b057-4273-80ce-2b11b5eb470b,luh-mm_claims,https://data.uni-hannover.de/dataset/mm_claims
1b232a7b-6115-4b78-82cb-aa94b90b9952,falcon-demo,
1b2f1a69-381a-45ce-837c-3f8c8f6b5641,luh-image-text-classes,https://data.uni-hannover.de/dataset/image-text-classes
1b5da7bc-6acb-4605-a6d4-7c178f50d41c,disaster-dataset,https://data.coypu.org/disasters/
1e0ceecc-870d-4a03-af9e-df02bab7afda,example-ldm-api-implementation,
1f7436c2-f3d2-4090-9c7d-9cf711edd7e3,luh-extended-mp-16-dataset,https://data.uni-hannover.de/dataset/extended-mp-16-dataset
20131718-4267-48a0-9b70-c0f90f690547,luh-image-text-classes,https://data.uni-hannover.de/dataset/image-text-classes
20b42c9e-71fb-4b8d-94d5-de3911b50396,example-ldm-api-implementation,
2110f052-20e9-4d00-b39b-c226aef5fa51,gentsch-2023-1,
214d9c4c-e6a4-4108-bfd6-0f6be58f6eb1,luh-image-text-classes,https://data.uni-hannover.de/dataset/image-text-classes
21bcc348-5e53-4994-97da-dc094c6113fb,paladin-benchmarks-experimental-settings-and-evaluation,
2258c8b1-9347-4f43-9821-a9f26ccff420,international-organizations-dataset,https://data.coypu.org/international-organizations/
22e8dbc5-7816-464e-8fee-91bbad5286e0,example-ldm-api-implementation,
23279b4a-78fe-415e-a027-4927eada1613,gentsch-2023-1,
23365241-435b-4dda-921c-09bd5f908010,luh-news400,https://data.uni-hannover.de/dataset/news400
23a60f4c-0dec-49fd-b8c8-be457a6c2d87,luh-oer-sample-data-set,https://data.uni-hannover.de/dataset/oer-sample-data-set
2463bb69-4453-427b-ba8d-3b0ff5b2dcf8,luh-image-text-classes,https://data.uni-hannover.de/dataset/image-text-classes
249afa94-b65c-45e6-b292-877a33aaef64,example-ldm-api-implementation,
24af8a90-4a55-40e8-84df-db3fd230b249,luh-mm_claims,https://data.uni-hannover.de/dataset/mm_claims
24b673c0-1d15-4950-bdea-000cbfff1e09,luh-triphyophyllum_nutrient_analyses,https://data.uni-hannover.de/dataset/triphyophyllum_nutrient_analyses
24cfa4ae-2621-432d-8cca-fcf2ef32c65a,luh-image-text-classes,https://data.uni-hannover.de/dataset/image-text-classes
24e68ad4-6b53-4dcd-8005-a1f757f545f3,luh-triphyophyllum_nutrient_analyses,https://data.uni-hannover.de/dataset/triphyophyllum_nutrient_analyses
258c0210-2a99-46e1-896f-6e15372b267d,luh-image-text-classes,https://data.uni-hannover.de/dataset/image-text-classes
264860be-6525-406d-9d77-73d8fe9110a8,service-example,
26b2f7e5-f150-450b-9865-8bd300a409c7,example-ldm-api-implementation,
27dc5f89-e642-4c15-af92-cf3c2af10090,example-ldm-api-implementation,
27eecf33-4e0a-4f8a-88a0-561cd6d309ed,example-ldm-api-implementation,
2863b9f1-ce65-472d-9bff-e527a4a7730a,luh-semeval-2021-task-11-shared-task-dataset,https://data.uni-hannover.de/dataset/semeval-2021-task-11-shared-task-dataset
28fe5f4b-c210-47de-a705-909fc311b53e,gentsch-2023-1,
29c065cf-7087-49e0-89aa-4901f90a528c,luh-nlpcontributions-pilot-dataset,https://data.uni-hannover.de/dataset/nlpcontributions-pilot-dataset
2a217dfd-b313-41fb-836f-de0ec6610569,luh-orkg-dils2018-use-case-dataset,https://data.uni-hannover.de/dataset/orkg-dils2018-use-case-dataset
2bb56042-15a1-4026-b001-194f434a01b6,covid-19-image-repository,https://github.com/ml-workgroup/covid-19-image-repository
2be11d8f-bf0e-47c0-9996-b8b224490e5b,example-ldm-api-implementation,
2c36d4a9-c040-469e-b666-2f3d7ce79068,luh-tamperednews-news400-ijmir21,https://data.uni-hannover.de/dataset/tamperednews-news400-ijmir21
2eb7a3ee-5ec5-40e7-a0b3-7bb5df80dd41,gentsch-2023-1,
3047ec5b-d68c-4250-a7d1-6fc5b30db753,luh-image-text-classes,https://data.uni-hannover.de/dataset/image-text-classes
30c549c0-3f39-47ed-8fc7-040948568109,countries-test,
31d38e8a-613e-4dfa-b92b-98de187c05c4,gentsch-2023-1,
32cc89e2-e809-4475-8a52-6c5d24d41396,perez-alvarez-2018-1,
33f3381e-370d-458c-96f0-de51aae53767,luh-trav-shacl-benchmarks-experimental-settings-and-evaluation,https://data.uni-hannover.de/dataset/trav-shacl-benchmarks-experimental-settings-and-evaluation
343c0a7a-17ae-4cc8-836f-4b0341b8cb89,gentsch-2023-1,
352f90c5-310c-41a2-ac2d-488386d0cd1e,example-ldm-api-implementation,
37c4c26b-e484-49b2-916d-84e1372150d2,luh-semeval-2021-task-11-shared-task-dataset,https://data.uni-hannover.de/dataset/semeval-2021-task-11-shared-task-dataset
38a0e51c-f605-4a6f-978f-665faaa09c5f,luh-triphyophyllum_nutrient_analyses,https://data.uni-hannover.de/dataset/triphyophyllum_nutrient_analyses
38de6f0a-a678-4a8f-8d14-5a4344195b91,luh-image-text-classes,https://data.uni-hannover.de/dataset/image-text-classes
393316a7-d981-4fc3-8be1-375b47cc7b41,pdl-dataset,https://docs.peopledatalabs.com/docs/free-company-dataset
39ada98e-8b6c-4087-a468-c3750bb561a3,perez-alvarez-2018-1,
39b9fecb-44e4-404a-94d2-7972cc13d9d8,ldm-demo,
3a723fcc-a806-45ea-a301-4cee2cf3ab8f,countries-dataset,https://sdg-tracker.org/
3c845a39-791d-4142-85e2-c7ad305baa07,luh-image-text-classes,https://data.uni-hannover.de/dataset/image-text-classes
3ced2656-4c17-4755-934e-897b6655c85a,example-ldm-api-implementation,
3d5777e7-3cf2-4072-858e-34359f48876c,perez-alvarez-2018-1,
3dcefa6d-d57e-4de7-bc11-56227ae4e119,luh-trav-shacl-benchmarks-experimental-settings-and-evaluation,https://data.uni-hannover.de/dataset/trav-shacl-benchmarks-experimental-settings-and-evaluation
3de2bc51-f6ee-412c-95c3-46d3ed98e519,gentsch-2023-1,
3f429389-27fa-4bac-a677-1c989882b06f,example-cad-visualizations,
3f790d5a-adfe-4de5-b2e8-dec8ab15c9d8,luh-image-text-classes,https://data.uni-hannover.de/dataset/image-text-classes
3fcc4321-feed-4654-9f7e-d08ee1e9739c,paladin-benchmarks-experimental-settings-and-evaluation,
411bcbdd-2c5a-4dd4-881c-b394e318c290,luh-image-text-classes,https://data.uni-hannover.de/dataset/image-text-classes
416c09ec-15d8-4d82-b1fa-f698e5533f94,sdmkgc,
42ac70b6-44ce-48d0-9095-1070508d6140,coypu-project-knowledge-graph,https://gitlab.com/coypu-project/skynet/docs/-/tree/main
42d790e3-c87e-4c7b-a3e0-ad237060e7eb,example-ldm-api-implementation,
431fdd2d-9c96-42b7-9a44-776ba5fb17ba,luh-image-text-classes,https://data.uni-hannover.de/dataset/image-text-classes
4361fd99-1bc0-4771-bf5b-9fb763babd04,luh-an-interview-study-on-the-use-comprehension-and-perceived-risks-of-unsafe-rust,https://data.uni-hannover.de/dataset/an-interview-study-on-the-use-comprehension-and-perceived-risks-of-unsafe-rust
44280984-73d1-40df-97e4-7fab0f8694fd,paladin-benchmarks-experimental-settings-and-evaluation,
44de54ea-b319-4fad-93e0-1cd6da34202a,luh-triphyophyllum-carnivory-induction,https://data.uni-hannover.de/dataset/triphyophyllum-carnivory-induction
47e653a7-a529-4644-a6c2-3df2d09575a6,perez-alvarez-2018-1,
48c09349-a764-489b-a57d-536b05e7247a,ports-nga-dataset,https://www.arcgis.com/home/item.html?id=b04b76b94059436e93757c301c10026c
48f3fd88-d7e0-459d-9428-5b1345c9a8ad,luh-image-text-classes,https://data.uni-hannover.de/dataset/image-text-classes
4989a837-f72f-469a-89e1-67397a7dc4d8,luh-mm_claims,https://data.uni-hannover.de/dataset/mm_claims
4c0009c0-69f2-49ec-831c-181f97d624a5,example-cad-visualizations,
4cceb8fe-7823-49e5-b55c-1ce01e810f55,example-ldm-api-implementation,
4dbfdd7b-a06b-4671-9893-ea461cc693b7,luh-mm_claims,https://data.uni-hannover.de/dataset/mm_claims
51e0ac35-556f-46a1-a2fe-4bd62b255900,ips-dataset,https://data.coypu.org/companies/ips/
53e4a147-3232-45d2-8e98-e881d30d0d80,ldm-demo,
5500907c-2e5c-4967-a99d-4d64b6cde975,luh-news400,https://data.uni-hannover.de/dataset/news400
55c6151f-08c7-409b-8879-6622e5f40e41,gentsch-2023-1,
55c76ec7-6226-48e9-90e3-fd23921759f4,luh-mm_claims,https://data.uni-hannover.de/dataset/mm_claims
56dd0236-c370-4039-9f6d-d53484698c0f,luh-image-text-classes,https://data.uni-hannover.de/dataset/image-text-classes
5c4551ce-4a59-4db2-be33-43e61ddc5168,luh-image-text-classes,https://data.uni-hannover.de/dataset/image-text-classes
5c569964-7cac-4535-b9ec-b8a9678ceefd,luh-tamperednews-news400-ijmir21,https://data.uni-hannover.de/dataset/tamperednews-news400-ijmir21
5d350c8d-d23a-48f9-9c08-0a485c7d3485,gentsch-2023-1,
5d7241d9-0487-449f-9234-6b09980fadf8,coypu-project-knowledge-graph,https://gitlab.com/coypu-project/skynet/docs/-/tree/main
5e5e0c94-4d84-4a9c-a717-e6c69a8c5bbc,perez-alvarez-2018-1,
5f0230fe-b62f-4eff-bd3d-1d6ab7c13825,example-ldm-api-implementation,
5f1251dc-dcdc-4981-8932-6fac65e82c76,railway-dataset,https://data.coypu.org/infrastructure/railway/
5f9847fd-4a61-49d6-8486-d1d9925d1f7b,rivers-dataset,https://sophox.org
5feefa67-8410-43b6-9d8a-84ddf59926d1,power-plants-dataset,https://www.wri.org/research/global-database-power-plants
60785ad0-48f2-4114-906a-b4771f221148,perez-alvarez-2018-1,
619bdc6c-4336-4007-a28b-2c11d21d366a,perez-alvarez-2018-1,
622a47a6-0596-46f5-972b-3bc34b8bd964,luh-image-text-classes,https://data.uni-hannover.de/dataset/image-text-classes
62e0706f-fdc8-4a48-a548-3b3c08704222,luh-tamperednews-news400-ijmir21,https://data.uni-hannover.de/dataset/tamperednews-news400-ijmir21
62ea9fb0-439a-4189-b321-3f9bed729142,example-ldm-api-implementation,
63814547-67d7-4d24-8c69-e28b6259374d,luh-trav-shacl-benchmarks-experimental-settings-and-evaluation,https://data.uni-hannover.de/dataset/trav-shacl-benchmarks-experimental-settings-and-evaluation
670bb5a5-a2f7-411c-a5e7-39590820cadd,wikievents-dataset,https://github.com/semantic-systems/coypu-wiki-events
67dfc517-ed46-43ca-9ebc-f2a7bf1ca380,service-example,
689cc2fc-85b3-4b54-83aa-1b88d87890e4,luh-extended-mp-16-dataset,https://data.uni-hannover.de/dataset/extended-mp-16-dataset
698cc95a-534b-4276-b13f-a827ac08f7ad,perez-alvarez-2018-1,
69d65d1f-64b7-4743-ba3e-eea9a49a8a34,luh-tamperednews-news400-ijmir21,https://data.uni-hannover.de/dataset/tamperednews-news400-ijmir21
6b12f482-7693-4e36-9f47-fa0d4e03a5dc,example-cad-visualizations,
6b8c0aed-ac31-403f-a6ca-df8b46393d82,gentsch-2023-1,
6fb122d3-df1b-48ce-9d94-370b52c57634,gentsch-2023-1,
714fc1c4-afa8-4e5b-9d51-a4d80dc07495,catalog-dataset,
72362aa4-27d7-48c5-a2c5-c22674b61813,luh-stem-ecr-v1-0,https://data.uni-hannover.de/dataset/stem-ecr-v1-0
727c3ee1-4107-4996-878d-1caf537730e8,luh-vise,https://data.uni-hannover.de/dataset/vise
72be7de7-edab-44e0-b73b-e2d6f289c2cd,luh-image-text-classes,https://data.uni-hannover.de/dataset/image-text-classes
72dc2ade-9f52-4c84-89c4-8e773ac101ff,luh-triphyophyllum-carnivory-induction,https://data.uni-hannover.de/dataset/triphyophyllum-carnivory-induction
74a78080-362c-4e46-97db-334bad8b584a,luh-tamperednews-news400-ijmir21,https://data.uni-hannover.de/dataset/tamperednews-news400-ijmir21
75abae79-5cc1-4ee8-9b9e-0d652ac1a1a7,luh-image-text-classes,https://data.uni-hannover.de/dataset/image-text-classes
77d8c2c1-769c-4486-9ea0-f599f751b697,sirene-dataset,https://www.data.gouv.fr/en/datasets/base-sirene-des-entreprises-et-de-leurs-etablissements-siren-siret/
77f7f31e-b296-4134-a44d-6f4130500cac,luh-image-text-classes,https://data.uni-hannover.de/dataset/image-text-classes
78cf6608-7036-4dc7-a28b-5d0cf8c04005,dalicc-dataset,https://www.dalicc.net/
7907320f-5bdc-4ba1-8f9c-aeb73aa3b0b7,industries-dataset,https://data.coypu.org/industry/nace2/
7ae9e66b-0bdb-4043-a6c6-65c2fffd21f6,perez-alvarez-2018-1,
7b5d3faf-f506-4bb0-a52a-b0acb21dedad,country-statistics-dataset,https://sdg-tracker.org/
7be231b6-c8f8-450e-864f-b4e651346446,luh-2022-oakland-usec-in-sdps-replication,https://data.uni-hannover.de/dataset/2022-oakland-usec-in-sdps-replication
7bfd4b21-aa06-4604-bb9d-64badedb9550,baci-dataset,http://www.cepii.fr/CEPII/en/bdd_modele/bdd_modele_item.asp?id=37
7c1ac578-6ad2-40b9-9d46-d85cf7705b80,luh-2022-soups-olab,https://data.uni-hannover.de/dataset/2022-soups-olab
7c4736f6-0e11-409f-a9ba-0c0b9646244e,gdacs-dataset,https://www.gdacs.org/xml/rss.xml
7c672f2b-f45e-40aa-b6bb-01fb2e9bf5e7,luh-vise,https://data.uni-hannover.de/dataset/vise
7ca9a56a-0c90-4d54-872b-14147f676189,luh-triphyophyllum-carnivory-induction,https://data.uni-hannover.de/dataset/triphyophyllum-carnivory-induction
7cfa2ba8-01ad-41bc-9841-dd81c066e63b,coypu-project-knowledge-graph,https://gitlab.com/coypu-project/skynet/docs/-/tree/main
7dbdef1e-acef-4948-96de-117dc4688404,falcon-demo,
80230a9e-0bb0-4edd-9efc-535d077061e6,luh-image-text-classes,https://data.uni-hannover.de/dataset/image-text-classes
8174b5b9-0b47-4425-8a6a-c98712ff0393,example-ldm-api-implementation,
8176015d-cca3-44e4-8fb1-16693db0cb99,licenses-dataset,https://gitlab.com/coypu-project/dalicc
839dd2e8-bf51-4e98-a961-e020c1d0fd1c,luh-image-text-classes,https://data.uni-hannover.de/dataset/image-text-classes
845052d6-27f5-47b7-a012-2df643bb5bc7,sdm-genomic-dataset,https://figshare.com/articles/dataset/SDM-Genomic-Datasets/14838342
84cb2cfd-c241-4089-93f3-e5cf0289b2a6,reliefweb-dataset,https://apidoc.rwlabs.org/
84d212b7-f293-4092-a702-794e64ba23c9,luh-tamperednews-news400-ijmir21,https://data.uni-hannover.de/dataset/tamperednews-news400-ijmir21
85eb9270-8603-4e9e-affe-ebc1a64d3eb0,luh-image-text-classes,https://data.uni-hannover.de/dataset/image-text-classes
86eb7925-98bf-496a-9476-25137343af01,luh-image-text-classes,https://data.uni-hannover.de/dataset/image-text-classes
86fa4208-9994-4423-a645-08c7b736b742,luh-tamperednews-news400-ijmir21,https://data.uni-hannover.de/dataset/tamperednews-news400-ijmir21
870093a3-e369-4dc5-a152-7647f15d9677,luh-image-text-classes,https://data.uni-hannover.de/dataset/image-text-classes
872ff29c-0c1f-46b6-8255-acd2c3873bea,example-ldm-api-implementation,
874cd51d-5394-4418-8e79-8b0db36515e6,example-ldm-api-implementation,
8926dd73-afb8-4580-91cc-8047e3e7916c,paladin-benchmarks-experimental-settings-and-evaluation,
8b2e3a7f-3130-4de8-978f-c56e622e21b0,gentsch-2023-1,
8c7634c8-4495-409c-9622-95613bab5fda,luh-image-text-classes,https://data.uni-hannover.de/dataset/image-text-classes
8c80a9f3-5c3e-4440-ae6e-3a08f7b1a937,ukch-dataset,http://download.companieshouse.gov.uk/en_output.html
8c8a52c0-1fe5-4a81-98cd-ab1c22edf935,coypu-project-knowledge-graph,https://gitlab.com/coypu-project/skynet/docs/-/tree/main
8ddabc8f-4fee-4cd7-a1bd-156b83765407,luh-image-text-classes,https://data.uni-hannover.de/dataset/image-text-classes
8ef3498c-d1ec-408f-9c0c-92b3806d5f93,perez-alvarez-2018-1,
8f10558e-399c-46ab-bf2d-be4ebf9d01b9,perez-alvarez-2018-1,
90e50731-8458-4c83-b045-a53563486457,code-error-correction-properties-of-an-topological-insulator,
969d3ccf-ee08-4c95-9911-a776a69ad973,luh-image-text-classes,https://data.uni-hannover.de/dataset/image-text-classes
96dfc7ac-95db-4088-80e9-fe2c08c0916d,world-bank-dataset,https://datahelpdesk.worldbank.org/knowledgebase/articles/889392-about-the-indicators-api-documentation
96e207ac-d5a5-41e1-aef1-9f9f6385a743,luh-image-text-classes,https://data.uni-hannover.de/dataset/image-text-classes
96fd5c60-2f43-46e5-aeb1-d5b650d581eb,luh-visual-inspection-ontology,https://data.uni-hannover.de/dataset/visual-inspection-ontology
971bd6a3-ee35-4e1d-886d-34676f9374ec,luh-an-interview-study-on-the-use-comprehension-and-perceived-risks-of-unsafe-rust,https://data.uni-hannover.de/dataset/an-interview-study-on-the-use-comprehension-and-perceived-risks-of-unsafe-rust
988ec918-e568-4e4d-9e9e-2609d292bc7a,perez-alvarez-2018-1,
99ce7e4d-df5b-40f6-afb4-16085dbf697d,luh-vise,https://data.uni-hannover.de/dataset/vise
9a52cb02-a611-406a-bae1-ba8cbcb6639a,perez-alvarez-2018-1,
9d32db1f-2bb3-47b5-a83f-9f003485fb5a,luh-image-text-classes,https://data.uni-hannover.de/dataset/image-text-classes
9d812788-de04-44d1-a958-020b9ee0f82b,networks-dataset,https://data.coypu.org/companies/networks/
9dde88df-efe1-4cec-8289-189b22a9ddcd,luh-mm_claims,https://data.uni-hannover.de/dataset/mm_claims
9eaad79e-f138-4ef5-9b24-093051658501,luh-image-text-classes,https://data.uni-hannover.de/dataset/image-text-classes
9edb4bae-024a-430f-affa-cd607181681c,luh-image-text-classes,https://data.uni-hannover.de/dataset/image-text-classes
a3984be9-372a-4de0-91dc-9009ed5e017a,luh-image-text-classes,https://data.uni-hannover.de/dataset/image-text-classes
a455910a-145b-4bb0-9eda-152c177ed1f0,gta-dataset,https://www.globaltradealert.org/data_extraction
a5f2f9a6-db0d-42a5-bbc3-03a7e28921e4,coypu-project-knowledge-graph,https://gitlab.com/coypu-project/skynet/docs/-/tree/main
a6384cb4-442c-41de-a8ad-7cc9b6c200c4,k4covid19,https://github.com/SDM-TIB/COVID-19-KG
a689c791-1cc9-4e29-8989-e4734e2d919f,service-example,
a6e58dba-aca8-4f31-a53f-a0f9b6edbe97,luh-orkg-similar-papers-recommendation-service-evaluation-dataset,https://data.uni-hannover.de/dataset/orkg-similar-papers-recommendation-service-evaluation-dataset
a7487521-eba6-4d95-8be5-6726f6edce18,commodities-dataset,https://www.ecb.europa.eu/stats/eurofxref/
a7ae345e-dd36-4039-b779-207f9d17e690,climate-trace-dataset,https://climatetrace.org/
a8373c98-32a8-408c-b8e9-51e6b1e01777,luh-vise,https://data.uni-hannover.de/dataset/vise
aa72a3f1-2fef-43e5-ae2a-2fe8e9ee1f82,geoboundaries-datasets,https://www.geoboundaries.org/
ae8be1a9-ca3c-4b79-93c8-46ac9d8b891b,exiobase-dataset,https://zenodo.org/record/5589597
af85e355-88e1-4d4d-91ec-785e1801dd47,luh-news400,https://data.uni-hannover.de/dataset/news400
b105c1aa-3bc4-4233-8103-8f4616948d85,luh-vise,https://data.uni-hannover.de/dataset/vise
b1c2f92b-4b69-46fc-9282-16acc7a1c9aa,luh-vise,https://data.uni-hannover.de/dataset/vise
b45c5d4e-5d62-4d3e-83c8-e9baeac0eefb,luh-image-text-classes,https://data.uni-hannover.de/dataset/image-text-classes
b5aa8b8a-3a0f-4dbb-95f6-eb6272ace59e,countries-test,
b6a2c3ab-eefd-4c1d-a54d-f7c3ea6d9a30,luh-semeval-2021-task-11-shared-task-dataset,https://data.uni-hannover.de/dataset/semeval-2021-task-11-shared-task-dataset
b6be808e-edda-429f-9152-0fe72a726bf1,wild-fires-dataset,https://firms.modaps.eosdis.nasa.gov/active_fire/#firms-txt
b72b0889-7081-4c5b-9b45-d648cf65aef9,service-example,
b78637a4-1bb7-4710-9098-16fd3edafaa7,sdmkgc,
b7a209a3-36fc-4a82-a4b4-6df407c8fc95,example-ldm-api-implementation,
b83b2fec-15aa-4adc-bcc2-7696ac757fa8,icews-dataset,https://dataverse.harvard.edu/dataverse/icews
ba061f22-bb60-40af-b7e8-cb142deb36ac,luh-tamperednews-news400-ijmir21,https://data.uni-hannover.de/dataset/tamperednews-news400-ijmir21
ba2e76e4-be45-4d4f-8ad2-713e7312914c,gentsch-2023-1,
ba3059e8-1f2f-4501-8153-086f0878b816,luh-tamperednews-news400-ijmir21,https://data.uni-hannover.de/dataset/tamperednews-news400-ijmir21
bb785bce-ce1b-47f5-a5fd-e1ad54655fc5,luh-image-text-classes,https://data.uni-hannover.de/dataset/image-text-classes
bb7f6f97-69d2-404b-abc9-113bf6d414cc,luh-image-text-classes,https://data.uni-hannover.de/dataset/image-text-classes
bdc1aafb-0f83-4dfa-b6c4-c74dbeadd14d,em-dat-dataset,
bf2d6df1-7ee5-4857-97fe-a0da4cc8954e,example-ldm-api-implementation,
c0ac4770-9cb4-41fd-a3bc-79c5560ff0f6,countries-test,
c15726bb-cd8e-4d5b-8e1e-27c528a25618,luh-image-text-classes,https://data.uni-hannover.de/dataset/image-text-classes
c21d513f-0c4b-48dc-b6f0-cae7289851fc,luh-image-text-classes,https://data.uni-hannover.de/dataset/image-text-classes
c26064cc-764b-4fef-8417-44ee0ae0c653,perez-alvarez-2018-1,
c2cb17c4-e1c0-4444-8154-b3ed3973efae,luh-mm_claims,https://data.uni-hannover.de/dataset/mm_claims
c4b0c4a5-7266-4fed-8f86-07906c0c9070,airports-dataset,https://datacatalog.worldbank.org/search/dataset/0038117/Global-Airports
c5042e8b-16f5-4cbc-a382-50fa5e34cb08,gentsch-2023-1,
c52561b4-1534-4888-a8f1-97184c87e23b,perez-alvarez-2018-1,
c604f890-c6cd-40a5-b05a-47ff0bd7d1a4,gentsch-2023-1,
c68e2976-328d-483a-bd72-8fe35d11d817,luh-tamperednews-news400-ijmir21,https://data.uni-hannover.de/dataset/tamperednews-news400-ijmir21
c7cf21da-eaa4-438f-a2b4-a1d05aad37e6,ldm-demo,
c8be2c50-6c65-4822-ab9f-870ac36fc703,service-example,
c9c19bc9-ccfc-4c9f-9f17-b10b01259c0a,pipe-dataset,https://zenodo.org/record/4288459#.X83p-7MxmUk
ca040ed5-9c7a-4590-82e9-3ec9bef639f6,example-ldm-api-implementation,
cb7ed7ae-2b9b-4271-a97e-8a926d3b27b2,service-example,
ccbee9c1-b0cf-400d-886a-5026f4605cd0,example-ldm-api-implementation,
cf690f20-2057-4872-a0a9-495f3aa310b4,tiva-dataset,https://www.oecd.org/industry/ind/measuring-trade-in-value-added.html
cfce9b00-1990-4c64-ac04-6ad1f9cd9fc4,corruption-dataset,https://www.transparency.org/en/cpi/2021/
d0e95988-e34c-413f-bafb-5ba18e590c68,world-bank-dataset,https://datahelpdesk.worldbank.org/knowledgebase/articles/889392-about-the-indicators-api-documentation
d0f5cd8b-7c3e-4055-9810-f9cba2b69a33,luh-vise,https://data.uni-hannover.de/dataset/vise
d1066748-281b-4b3e-9eb2-f7ba51db054d,luh-trav-shacl-benchmarks-experimental-settings-and-evaluation,https://data.uni-hannover.de/dataset/trav-shacl-benchmarks-experimental-settings-and-evaluation
d3e420fa-fbe1-4ef3-854d-05de836b7f89,k4covid19,https://github.com/SDM-TIB/COVID-19-KG
d42e97b7-4d6d-4d6b-99bb-86614be32f7b,luh-iocw-image_description_templates,https://data.uni-hannover.de/dataset/iocw-image_description_templates
d58f51e3-6142-41da-9433-73af09fa636c,perez-alvarez-2018-1,
d5d17f37-bef9-4031-8b70-d6feb7af6d08,luh-image-text-classes,https://data.uni-hannover.de/dataset/image-text-classes
d65a3ddc-ff78-4a5e-8863-cbecdc76d803,sdm-genomic-dataset,https://figshare.com/articles/dataset/SDM-Genomic-Datasets/14838342
d76f47fa-878a-47fd-92c9-b910a10fbe1d,luh-image-text-classes,https://data.uni-hannover.de/dataset/image-text-classes
d8246ee9-27cc-4b77-bf4e-3526c7436fc0,example-ldm-api-implementation,
d8288b5d-ece6-4113-9204-54bf62ad1d04,example-ldm-api-implementation,
d8541014-2043-4764-968c-a9956f9da8d4,luh-image-text-classes,https://data.uni-hannover.de/dataset/image-text-classes
d9cc6cc7-17ac-413d-95f0-60b61e9f0edc,luh-tamperednews-news400-ijmir21,https://data.uni-hannover.de/dataset/tamperednews-news400-ijmir21
d9f5ba91-5119-470c-8fd4-5da09c68e273,luh-triphyophyllum_nutrient_analyses,https://data.uni-hannover.de/dataset/triphyophyllum_nutrient_analyses
da59916f-bee9-4ac8-a5b4-2d2ec4300fd2,ldm-demo,
dab63912-b316-47b5-81a5-567b505c6fd4,example-ldm-api-implementation,
db854dd2-25f3-4769-8256-362ae8f86b84,gentsch-2023-1,
de9fd352-7cbe-4ba1-ba27-3bec13ba1287,falcon-demo,
dfb6a706-c4f3-4f32-994b-1ed33e20eb8a,example-ldm-api-implementation,
dfc79cef-4c62-470a-ba3d-841e4a52e9d0,genesis-dataset,https://www-genesis.destatis.de/genesis/online
e18e2b82-2c41-458c-a128-f5cf7d7505de,risk-dataset,https://weltrisikobericht.de/download/2974
e1c0ebad-4a52-4ae9-a258-27075153adc6,luh-tamperednews-news400-ijmir21,https://data.uni-hannover.de/dataset/tamperednews-news400-ijmir21
e2fdb9a3-4b50-4939-b336-2e83cfea69b2,luh-image-text-classes,https://data.uni-hannover.de/dataset/image-text-classes
e46f79ef-c525-417b-80e7-234eec092837,luh-image-text-classes,https://data.uni-hannover.de/dataset/image-text-classes
e4bd45ac-d955-4b5d-9476-ab85f20566cb,gtfs-madrid-bench,https://github.com/oeg-upm/gtfs-bench
e50daf8f-2d7b-4499-b6d6-2d2c70defc67,perez-alvarez-2018-1,
e5278167-30cd-497f-8772-5b4063297bed,luh-triphyophyllum_nutrient_analyses,https://data.uni-hannover.de/dataset/triphyophyllum_nutrient_analyses
e6aeaf20-e3ab-446c-af56-8a1d17578a75,sdm-genomic-dataset,https://figshare.com/articles/dataset/SDM-Genomic-Datasets/14838342
ea9a5d05-65ed-46ee-a65a-df6f6cfd7464,coypu-project-knowledge-graph,https://gitlab.com/coypu-project/skynet/docs/-/tree/main
ec4dc0e7-dc6d-49d3-a15d-26f98a2626d4,luh-image-text-classes,https://data.uni-hannover.de/dataset/image-text-classes
ec9893bd-e281-4514-bbdf-68f816f191e5,gentsch-2023-1,
ece4fe15-b6b8-434d-836a-2af80413063e,falcon-demo,
ed2b95dc-6f43-4df5-b09b-8f8a878261b0,coypu-project-knowledge-graph,https://gitlab.com/coypu-project/skynet/docs/-/tree/main
f088d217-15fd-491f-a2ad-4d5f2556df84,luh-tamperednews-news400-ijmir21,https://data.uni-hannover.de/dataset/tamperednews-news400-ijmir21
f0e53f21-dcbb-46cb-8149-85c09010d130,luh-slideimages,https://data.uni-hannover.de/dataset/slideimages
f1736e03-f1a5-4cee-a7ec-917123d1ae0f,luh-an-interview-study-on-the-use-comprehension-and-perceived-risks-of-unsafe-rust,https://data.uni-hannover.de/dataset/an-interview-study-on-the-use-comprehension-and-perceived-risks-of-unsafe-rust
f20577f5-34c5-41ba-9fc3-b93534cf6cb6,luh-image-text-classes,https://data.uni-hannover.de/dataset/image-text-classes
f26d10b7-e586-483b-9d4b-c232cfe0d712,luh-image-text-classes,https://data.uni-hannover.de/dataset/image-text-classes
f34d0e46-2821-451f-b483-1ecd6fff51f9,luh-stem-ner-60k,https://data.uni-hannover.de/dataset/stem-ner-60k
f3c9c532-4e11-4d13-9495-3fba016133e3,sdmkgc,
f44ce80d-a920-4446-ad3a-2cce36657303,paladin-benchmarks-experimental-settings-and-evaluation,
f5411092-3712-4af4-9913-f09d9c29d016,gleif-dataset,https://www.gleif.org/en/lei-data/gleif-golden-copy/download-the-golden-copy#/
f79994b9-194b-49b0-b2e9-c0dc7f0278ba,coypu-project-knowledge-graph,https://gitlab.com/coypu-project/skynet/docs/-/tree/main
f7df2e58-8ad9-4fee-b8f5-3f687abd924e,luh-image-text-classes,https://data.uni-hannover.de/dataset/image-text-classes
f7fe8676-898b-4eff-b3c8-ff0ffa2a0317,example-ldm-api-implementation,
f82309ee-8e3d-4812-81c0-9fdc4475dd14,companies-dataset,https://data.coypu.org/companies/demo/
f926386d-2aab-42cb-9517-1c7d59756af8,cities-dataset,https://data.coypu.org/cities/
f9b6e10a-b428-4751-83ad-292b6decd1ae,luh-triphyophyllum-in-vitro-rooting,https://data.uni-hannover.de/dataset/triphyophyllum-in-vitro-rooting
fa3caacf-cd92-4068-83a0-da4bba8569ed,ports-wfp-dataset,https://data.humdata.org/dataset/global-ports
fb4b9754-28ad-4596-883c-4dee2e7ce7d0,gentsch-2023-1,
fc7cccac-3b90-480f-9523-8ac727e18900,luh-stem-ecr-v1-0,https://data.uni-hannover.de/dataset/stem-ecr-v1-0
fce70a3f-3f78-4075-bcdc-885c9f09d710,luh-image-text-classes,https://data.uni-hannover.de/dataset/image-text-classes
fd569baf-cc49-4f60-a3fb-766582a2cc99,perez-alvarez-2018-1,
fd702b13-d69f-4e16-b2d0-9512b4fb3eb9,acled,https://acleddata.com/data-export-tool/
fe80eddb-8c51-425b-87b6-98b0fdbf8cb9,kgqa-datasets,
ff02ebb4-8913-4902-b068-4df0521a4c98,example-ldm-api-implementation,
ff264c91-8f39-4ed9-9ec1-a5d2f9ad5051,perez-alvarez-2018-1,